{
  "version": 2,
  "builds": [
    {
      "src": "backend/src/index.ts",
      "use": "@vercel/node",
      "config": {
        "includeFiles": ["backend/src/**"]
      }
    },
    {
      "src": "frontend/package.json",
      "use": "@vercel/static-build",
      "config": {
        "distDir": "frontend/dist"
      }
    }
  ],
  "routes": [
    {
      "src": "/api/(.*)",
      "dest": "/backend/src/index.ts"
    },
    {
      "src": "/health",
      "dest": "/backend/src/index.ts"
    },
    {
      "src": "/(.*)",
      "dest": "/frontend/$1"
    }
  ],
  "outputDirectory": "frontend/dist"
}
